frequency,ResponseTime
0.5040348242242191,32.1563916630482
0.6724584128622955,35.038670634920635
1.0055190141377486,75.00238166062236
2.012386237290523,55.756285220627326
3.9963633093884563,78.08016336837765
6.679803613773755,44.52469696969697
9.958423581547041,41.973167530568844
19.082148649937984,77.77119923727066
24.53385672227674,108.39411616161615
26.532236667551075,119.04717223252936
26.975991367682763,115.26759946402804
27.557698932139168,115.0375
