nodes,ResponseTime
1.0,18.1875
2.0,43.60229166666667
3.0,68.05673758865248
4.0,70.21395588538445
5.0,86.50360006196813
6.0,82.7233032889559
8.0,99.63783680540176
10.0,127.09760581642736
12.0,150.33337207852642
14.0,153.91406833031698
