calculatedWritePercentage,ResponseTime
9.440993788819876,10.280768229023515
19.583715145961513,27.37279806659506
29.829070813520115,49.12897959183674
39.936020473448494,75.6129292929293
50.19910083493898,109.63505102040816
60.28341133645346,148.4310632094137
69.95568300312826,196.55020311533704
80.14981273408239,218.50783505154638
