nodes,ResponseTime
1.0,2.202020202020202
2.0,4.73272706474491
3.0,8.776403490689205
4.0,2.2461053837342497
5.0,8.429409020386464
6.0,2.376288723549401
8.0,7.761262481694037
10.0,7.928417279517243
12.0,8.201447994360946
14.0,7.55641552853308
