calculatedWritePercentage,ResponseTime
10.212650684003792,2.6617481613022793
19.98155953635406,3.0032245550125705
29.928571428571427,4.297118762026438
40.05805515239477,4.594054773464419
50.207738249805246,7.675092764378479
60.55490119094359,2.275321776437848
70.07842615977668,2.436951994168489
80.12072434607646,2.4551558516239886
