frequency,ResponseTime
0.5095554383578047,8.899056122448979
0.6791817218615013,9.933983843537415
1.019196567345961,8.616009552757273
2.0700918538244686,6.061875814155449
4.132059800664452,6.22228449003715
6.700953210594207,7.094020782979003
10.02782722053699,7.873131548641658
39.908211114436796,6.001613610954749
39.96003996003996,5.927083333333333
76.67241709794901,6.64443818814342
164.94845360824743,11.88968850698174
181.57058556513846,16.473535353535354
